date,geography,geography code,Rural Urban,Dwelling Type: All categories: Accommodation type; measures: Value,Dwelling Type: Unshared dwelling: Total; measures: Value,Dwelling Type: Unshared dwelling: Whole house or bungalow: Total; measures: Value,Dwelling Type: Unshared dwelling: Whole house or bungalow: Detached; measures: Value,Dwelling Type: Unshared dwelling: Whole house or bungalow: Semi-detached; measures: Value,Dwelling Type: Unshared dwelling: Whole house or bungalow: Terraced (including end-terrace); measures: Value,"Dwelling Type: Unshared dwelling: Flat, maisonette or apartment: Total; measures: Value","Dwelling Type: Unshared dwelling: Flat, maisonette or apartment: Purpose-built block of flats or tenement; measures: Value","Dwelling Type: Unshared dwelling: Flat, maisonette or apartment: Part of a converted or shared house (including bed-sits); measures: Value","Dwelling Type: Unshared dwelling: Flat, maisonette or apartment: In commercial building; measures: Value",Dwelling Type: Unshared dwelling: Caravan or other mobile or temporary structure; measures: Value,Dwelling Type: Shared dwelling; measures: Value
2011,Crundale BUA,W37000001,Total,262,262,260,206,49,5,2,1,1,0,0,0
2011,Llangwm BUA,W37000002,Total,370,370,366,239,89,38,3,1,1,1,1,0
2011,Llanybyther BUA,W37000003,Total,515,513,472,179,233,60,39,14,6,19,2,2
2011,Bontnewydd BUA,W37000004,Total,393,391,378,132,118,128,13,12,0,1,0,2
2011,Llanberis BUA,W37000005,Total,821,821,733,144,170,419,86,52,12,22,2,0
2011,Glyn Ceiriog BUA,W37000006,Total,367,367,341,144,117,80,24,22,0,2,2,0
2011,Ynysybwl BUA,W37000007,Total,1506,1502,1395,205,314,876,105,86,10,9,2,4
2011,Y Felinheli BUA,W37000008,Total,1006,1006,875,209,243,423,130,83,40,7,1,0
2011,Llanddewi Brefi BUA,W37000009,Total,297,297,294,182,63,49,2,0,1,1,1,0
2011,Grovesend BUA,W37000010,Total,454,454,439,164,232,43,15,2,11,2,0,0
2011,Pentre Halkyn BUA,W37000011,Total,491,491,489,281,138,70,2,0,1,1,0,0
2011,Penrhyn-coch BUA,W37000012,Total,541,541,535,279,192,64,6,4,2,0,0,0
2011,Llandevaud BUA,W37000013,Total,164,164,161,143,17,1,3,0,2,1,0,0
2011,Clawdd Poncen BUA,W37000014,Total,121,121,106,12,35,59,15,14,0,1,0,0
2011,Borth BUA,W37000015,Total,604,604,484,224,142,118,120,53,60,7,0,0
2011,Soughton BUA,W37000016,Total,705,705,701,360,299,42,4,2,0,2,0,0
2011,Three Crosses BUA,W37000017,Total,615,615,570,335,207,28,44,43,1,0,1,0
2011,Llansanffraid Glan Conwy BUA,W37000018,Total,803,803,753,319,355,79,49,36,10,3,1,0
2011,Newborough (Isle of Anglesey) BUA,W37000019,Total,398,398,390,172,100,118,6,2,0,4,2,0
2011,Ruthin BUA,W37000020,Total,2406,2406,2096,989,630,477,310,205,50,55,0,0
2011,Tircoed BUA,W37000021,Total,340,340,338,204,62,72,2,2,0,0,0,0
2011,South Cornelly BUA,W37000022,Total,178,178,173,56,86,31,5,4,1,0,0,0
2011,Llanfechell BUA,W37000023,Total,255,255,253,129,54,70,2,0,2,0,0,0
2011,Groes-faen BUA,W37000024,Total,281,281,273,201,34,38,8,2,2,4,0,0
2011,Pant-yr-awel BUA,W37000025,Total,315,315,310,60,160,90,5,4,0,1,0,0
2011,Henllan BUA,W37000026,Total,378,378,365,188,104,73,13,5,6,2,0,0
2011,Ferryside BUA,W37000027,Total,388,388,369,185,133,51,15,9,4,2,4,0
2011,Gwynfryn BUA,W37000028,Total,121,121,119,106,12,1,2,0,2,0,0,0
2011,Abermule BUA,W37000029,Total,370,370,367,225,90,52,2,0,0,2,1,0
2011,Pontneddfechan BUA,W37000030,Total,169,169,169,71,69,29,0,0,0,0,0,0
2011,Trelogan BUA,W37000031,Total,256,256,255,152,81,22,1,1,0,0,0,0
2011,Trimsaran BUA,W37000032,Total,681,681,648,121,445,82,33,26,2,5,0,0
2011,Llanrhidian BUA,W37000033,Total,211,211,192,153,34,5,14,11,1,2,5,0
2011,Resolven BUA,W37000034,Total,909,909,857,118,325,414,52,46,5,1,0,0
2011,Sudbrook BUA,W37000035,Total,123,123,120,13,6,101,3,1,2,0,0,0
2011,Fishguard BUA,W37000036,Total,1627,1623,1472,565,479,428,149,82,25,42,2,4
2011,Llanbedr-Dyffryn-Clwyd BUA,W37000037,Total,128,128,126,108,17,1,2,1,0,1,0,0
2011,Conwy BUA,W37000038,Total,1753,1753,1526,434,720,372,186,115,36,35,41,0
2011,Gresford BUA,W37000039,Total,2136,2136,2076,1198,687,191,45,26,12,7,15,0
2011,Berriew BUA,W37000040,Total,143,143,140,59,76,5,3,2,0,1,0,0
2011,Letterston BUA,W37000041,Total,540,540,513,219,195,99,27,16,8,3,0,0
2011,Bull Bay BUA,W37000042,Total,135,135,134,120,11,3,1,0,1,0,0,0
2011,Rhosneigr BUA,W37000043,Total,489,489,414,245,95,74,74,36,28,10,1,0
2011,Tenby BUA,W37000044,Total,2253,2249,1453,449,541,463,794,545,177,72,2,4
2011,Caergeiliog BUA,W37000045,Total,156,156,155,67,44,44,1,0,0,1,0,0
2011,Broughton (Flintshire) BUA,W37000046,Total,2515,2513,2440,669,1528,243,72,59,7,6,1,2
2011,The Narth BUA,W37000047,Total,150,150,150,135,15,0,0,0,0,0,0,0
2011,Llandovery BUA,W37000048,Total,917,917,829,241,342,246,86,41,10,35,2,0
2011,Tavernspite BUA,W37000049,Total,142,142,135,108,23,4,7,5,1,1,0,0
2011,Bryncrug BUA,W37000050,Total,288,288,283,140,93,50,5,1,3,1,0,0
2011,Crossgates BUA,W37000051,Total,144,144,141,88,49,4,3,3,0,0,0,0
2011,Llechryd BUA,W37000052,Total,408,408,396,247,122,27,12,6,5,1,0,0
2011,Argoed BUA,W37000053,Total,358,358,349,79,145,125,7,3,3,1,2,0
2011,Llanyre BUA,W37000054,Total,117,117,115,113,0,2,1,0,0,1,1,0
2011,Ystrad Aeron BUA,W37000055,Total,262,262,257,165,78,14,5,2,1,2,0,0
2011,Deiniolen BUA,W37000056,Total,579,579,566,129,141,296,8,2,2,4,5,0
2011,Penley BUA,W37000057,Total,246,246,219,133,39,47,27,26,0,1,0,0
2011,Betws-yn-Rhos BUA,W37000058,Total,132,132,127,62,54,11,5,3,1,1,0,0
2011,Mynyddygarreg BUA,W37000059,Total,127,127,127,83,37,7,0,0,0,0,0,0
2011,Blaengwynfi BUA,W37000060,Total,617,617,600,20,68,512,17,11,4,2,0,0
2011,Abercrave BUA,W37000061,Total,308,308,300,68,178,54,7,2,3,2,1,0
2011,Rhydymwyn BUA,W37000062,Total,230,228,227,115,89,23,1,1,0,0,0,2
2011,Cwrt Y Gollen BUA,W37000063,Total,186,186,180,91,70,19,6,3,2,1,0,0
2011,Cefn Cribwr BUA,W37000064,Total,570,568,520,101,312,107,47,39,5,3,1,2
2011,Trefor BUA,W37000065,Total,355,353,335,118,67,150,14,8,5,1,4,2
2011,Llandyrnog BUA,W37000066,Total,289,289,272,146,86,40,16,9,4,3,1,0
2011,Cemaes BUA,W37000067,Total,578,578,528,322,95,111,49,21,14,14,1,0
2011,Llanarth BUA,W37000068,Total,209,209,200,103,66,31,9,2,6,1,0,0
2011,Pontyberem BUA,W37000069,Total,740,740,718,215,409,94,20,14,4,2,2,0
2011,Parc-Seymour BUA,W37000070,Total,330,330,327,257,47,23,3,2,1,0,0,0
2011,Lampeter BUA,W37000071,Total,1102,1095,877,297,245,335,204,107,53,44,14,7
2011,Newbridge-on-Wye BUA,W37000072,Total,260,260,252,130,86,36,8,3,3,2,0,0
2011,Tal-y-bont (Ceredigion) BUA,W37000073,Total,294,294,287,93,110,84,7,2,4,1,0,0
2011,Pontrhydfendigaid BUA,W37000074,Total,308,308,305,164,67,74,3,1,1,1,0,0
2011,Dwyran BUA,W37000075,Total,269,269,265,143,88,34,3,1,2,0,1,0
2011,Blaenau Ffestiniog BUA,W37000076,Total,1733,1733,1583,172,266,1145,150,107,20,23,0,0
2011,Waunfawr BUA,W37000077,Total,492,492,486,234,161,91,4,2,0,2,2,0
2011,Froncysyllte BUA,W37000078,Total,250,250,248,113,87,48,1,0,1,0,1,0
2011,Llangristiolus BUA,W37000079,Total,154,154,153,115,12,26,1,1,0,0,0,0
2011,Trefriw BUA,W37000080,Total,293,293,267,116,91,60,26,9,13,4,0,0
2011,Llanellen BUA,W37000081,Total,216,216,208,162,44,2,8,2,4,2,0,0
2011,Pwllmeyric BUA,W37000082,Total,245,245,239,188,42,9,4,1,2,1,2,0
2011,Pont Rhyd-y-cyff BUA,W37000083,Total,626,626,592,190,336,66,34,29,1,4,0,0
2011,Talybont-on-Usk BUA,W37000084,Total,101,101,98,18,54,26,3,0,0,3,0,0
2011,Forden BUA,W37000085,Total,302,302,300,226,35,39,2,1,1,0,0,0
2011,Rhuddlan BUA,W37000086,Total,1709,1709,1575,802,556,217,132,93,15,24,2,0
2011,Pentlepoir BUA,W37000087,Total,523,523,465,333,128,4,41,28,8,5,17,0
2011,Rhosybol BUA,W37000088,Total,298,298,290,200,55,35,3,0,1,2,5,0
2011,Leeswood BUA,W37000089,Total,960,960,950,281,517,152,10,3,3,4,0,0
2011,Betws-Y-Coed BUA,W37000090,Total,108,108,86,47,27,12,18,5,4,9,4,0
2011,Morfa Nefyn BUA,W37000091,Total,399,399,374,217,102,55,21,13,6,2,4,0
2011,Abertillery BUA,W37000092,Total,4845,4845,4424,392,770,3262,420,338,39,43,1,0
2011,Machynlleth BUA,W37000093,Total,1033,1033,843,162,255,426,184,124,18,42,6,0
2011,Pencoed BUA,W37000094,Total,3793,3793,3536,1018,2105,413,256,206,29,21,1,0
2011,Carway BUA,W37000095,Total,280,280,271,77,141,53,9,9,0,0,0,0
2011,Penmaenmawr BUA,W37000096,Total,1119,1116,848,258,289,301,267,157,98,12,1,3
2011,St Nicholas BUA,W37000097,Total,167,167,162,98,37,27,4,0,1,3,1,0
2011,Llanrhystud BUA,W37000098,Total,283,283,277,185,50,42,4,1,3,0,2,0
2011,Moelfre BUA,W37000099,Total,346,346,341,203,55,83,4,1,1,2,1,0
2011,Newtown (Powys) BUA,W37000100,Total,5015,5013,4253,1215,1214,1824,757,617,77,63,3,2
2011,Bronllys BUA,W37000101,Total,229,229,207,92,91,24,11,3,5,3,11,0
2011,Ogmore-by-Sea BUA,W37000102,Total,409,409,382,312,66,4,27,19,8,0,0,0
2011,Usk BUA,W37000103,Total,1155,1152,952,305,404,243,200,153,25,22,0,3
2011,Llanharry BUA,W37000104,Total,1251,1251,1161,239,569,353,88,73,3,12,2,0
2011,Pembroke Dock BUA,W37000105,Total,4171,4171,3446,712,989,1745,687,492,133,62,38,0
2011,Johnston BUA,W37000106,Total,780,780,733,245,356,132,47,38,2,7,0,0
2011,Rosemarket BUA,W37000107,Total,249,249,245,153,78,14,1,0,1,0,3,0
2011,Llandissilio BUA,W37000108,Total,206,206,189,124,46,19,13,9,0,4,4,0
2011,Kerry BUA,W37000109,Total,342,342,339,209,63,67,3,1,1,1,0,0
2011,Northop BUA,W37000110,Total,434,434,429,200,138,91,5,2,0,3,0,0
2011,Pyle BUA,W37000111,Total,5869,5869,4978,892,2779,1307,891,812,44,35,0,0
2011,Pentyrch BUA,W37000112,Total,912,912,812,563,161,88,100,91,5,4,0,0
2011,St Asaph BUA,W37000113,Total,1448,1448,1279,681,355,243,167,127,23,17,2,0
2011,Brynna BUA,W37000114,Total,2713,2713,2614,629,1457,528,98,63,25,10,1,0
2011,Pontycymer BUA,W37000115,Total,1849,1849,1703,117,200,1386,146,100,16,30,0,0
2011,Bryn BUA,W37000116,Total,395,395,382,131,146,105,12,11,0,1,1,0
2011,Dolgarrog BUA,W37000117,Total,195,195,192,32,149,11,3,0,1,2,0,0
2011,Machen BUA,W37000118,Total,993,993,962,366,351,245,31,22,3,6,0,0
2011,Gwernymynydd BUA,W37000119,Total,499,499,491,323,130,38,8,4,2,2,0,0
2011,Penygroes BUA,W37000120,Total,793,793,743,182,164,397,50,28,15,7,0,0
2011,Glyncoch BUA,W37000121,Total,1677,1674,1476,232,1010,234,198,170,25,3,0,3
2011,Cross Inn BUA,W37000122,Total,128,128,123,81,33,9,3,0,0,3,2,0
2011,Caerleon BUA,W37000123,Total,3712,3712,3255,1416,1258,581,454,412,28,14,3,0
2011,Govilon BUA,W37000124,Total,622,622,595,374,141,80,27,23,2,2,0,0
2011,Rhosesmor BUA,W37000125,Total,239,239,237,129,69,39,2,0,1,1,0,0
2011,Overton (Wrexham) BUA,W37000126,Total,421,421,395,180,101,114,26,22,2,2,0,0
2011,Cwm BUA,W37000127,Total,1226,1226,1164,66,146,952,62,45,8,9,0,0
2011,Whitland BUA,W37000128,Total,687,686,561,205,202,154,107,73,19,15,18,1
2011,Mountain Ash BUA,W37000129,Total,4867,4867,4588,290,789,3509,279,236,17,26,0,0
2011,Laugharne BUA,W37000130,Total,373,373,320,94,114,112,48,35,4,9,5,0
2011,Freshwater East BUA,W37000131,Total,130,130,116,87,5,24,12,10,2,0,2,0
2011,Llangors BUA,W37000132,Total,144,144,141,116,14,11,2,1,1,0,1,0
2011,Blaenannerch BUA,W37000133,Total,59,59,58,30,28,0,1,0,1,0,0,0
2011,Tregynon BUA,W37000134,Total,349,349,344,235,81,28,5,0,3,2,0,0
2011,Llanmadoc BUA,W37000135,Total,153,153,147,121,19,7,3,1,1,1,3,0
2011,Gilwern BUA,W37000136,Total,1012,1012,944,573,289,82,68,58,5,5,0,0
2011,Hengell Uchaf Estate BUA,W37000137,Total,162,162,143,81,46,16,17,16,0,1,2,0
2011,Denbigh BUA,W37000138,Total,3610,3606,3269,1197,1223,849,336,225,69,42,1,4
2011,Valley BUA,W37000139,Total,1023,1023,954,510,318,126,65,55,5,5,4,0
2011,Llanddona BUA,W37000140,Total,298,298,286,199,51,36,5,1,2,2,7,0
2011,Sennybridge BUA,W37000141,Total,108,108,100,37,43,20,7,0,6,1,1,0
2011,Penrhyndeudraeth BUA,W37000142,Total,653,653,635,157,140,338,17,7,2,8,1,0
2011,Llanwrtyd Wells BUA,W37000143,Total,261,260,226,96,85,45,33,11,17,5,1,1
2011,Llan Ffestiniog BUA,W37000144,Total,390,390,376,122,76,178,12,6,3,3,2,0
2011,Llanerchymedd BUA,W37000145,Total,484,484,464,193,88,183,17,14,0,3,3,0
2011,Pontarddulais BUA,W37000146,Total,3855,3855,3489,1267,1537,685,363,285,47,31,3,0
2011,Abertridwr BUA,W37000147,Total,2665,2662,2358,241,706,1411,303,243,32,28,1,3
2011,Llansanffraid-ym-Mechain BUA,W37000148,Total,322,322,292,118,103,71,30,21,2,7,0,0
2011,Glanaman BUA,W37000149,Total,1909,1909,1731,571,837,323,176,123,41,12,2,0
2011,Talysarn BUA,W37000150,Total,488,488,474,69,129,276,14,14,0,0,0,0
2011,Nantgaredig BUA,W37000151,Total,216,216,211,182,21,8,5,0,3,2,0,0
2011,Talgarth BUA,W37000152,Total,558,558,513,134,216,163,45,33,6,6,0,0
2011,Henfynyw BUA,W37000153,Total,217,217,216,147,55,14,1,0,1,0,0,0
2011,Llanon BUA,W37000154,Total,267,267,236,89,82,65,30,21,6,3,1,0
2011,Montgomery BUA,W37000155,Total,475,475,464,168,134,162,10,3,3,4,1,0
2011,Pentraeth BUA,W37000156,Total,233,233,222,72,99,51,8,3,1,4,3,0
2011,Reynoldston BUA,W37000157,Total,177,177,174,142,29,3,3,1,1,1,0,0
2011,Trawsfynydd BUA,W37000158,Total,281,281,280,48,69,163,0,0,0,0,1,0
2011,Waterston BUA,W37000159,Total,127,127,123,60,56,7,4,2,2,0,0,0
2011,St Brides Major BUA,W37000160,Total,308,308,300,213,80,7,8,3,3,2,0,0
2011,St Donat's BUA,W37000161,Total,78,78,72,30,35,7,6,2,2,2,0,0
2011,Harlech BUA,W37000162,Total,832,832,719,416,167,136,100,73,12,15,13,0
2011,Capel Bangor BUA,W37000163,Total,111,111,108,63,26,19,2,1,0,1,1,0
2011,Cwmavon BUA,W37000164,Total,2334,2334,2127,488,1049,590,207,195,7,5,0,0
2011,Creigiau BUA,W37000165,Total,959,959,948,630,184,134,11,9,0,2,0,0
2011,Trefnant BUA,W37000166,Total,398,398,390,227,127,36,8,6,1,1,0,0
2011,Peniel BUA,W37000167,Total,146,146,143,136,6,1,2,1,1,0,1,0
2011,Coedhirwaun BUA,W37000168,Total,477,477,474,355,51,68,0,0,0,0,3,0
2011,Llanhilleth BUA,W37000169,Total,1367,1367,1275,92,257,926,92,58,23,11,0,0
2011,Maenclochog BUA,W37000170,Total,331,331,315,251,35,29,11,0,9,2,5,0
2011,St Arvans BUA,W37000171,Total,314,313,309,208,71,30,4,0,2,2,0,1
2011,Craig-cefn-parc BUA,W37000172,Total,365,365,340,145,167,28,25,23,1,1,0,0
2011,Brecon BUA,W37000173,Total,3635,3631,3117,854,991,1272,511,359,75,77,3,4
2011,Llanrhaeadr-ym-Mochnant BUA,W37000174,Total,196,196,186,50,110,26,10,5,1,4,0,0
2011,Pontlliw BUA,W37000175,Total,686,686,678,329,279,70,8,4,0,4,0,0
2011,Talacre BUA,W37000176,Total,174,174,148,104,30,14,6,2,0,4,20,0
2011,Cil-y-coed BUA,W37000177,Total,4695,4695,4259,1349,2226,684,434,390,26,18,2,0
2011,Markham BUA,W37000178,Total,592,592,579,35,287,257,13,9,2,2,0,0
2011,Flint Mountain BUA,W37000179,Total,260,260,258,193,53,12,1,0,1,0,1,0
2011,Penyffordd BUA,W37000180,Total,1442,1442,1407,807,537,63,25,16,5,4,10,0
2011,Four Crosses BUA,W37000181,Total,600,600,587,407,151,29,12,5,5,2,1,0
2011,Llannon BUA,W37000182,Total,322,322,315,257,55,3,6,0,5,1,1,0
2011,St Florence BUA,W37000183,Total,298,298,291,189,83,19,6,5,0,1,1,0
2011,Crickhowell BUA,W37000184,Total,937,937,821,413,234,174,115,84,15,16,1,0
2011,Lixwm BUA,W37000185,Total,254,254,251,190,45,16,3,1,1,1,0,0
2011,Kidwelly BUA,W37000186,Total,1206,1206,1137,373,344,420,68,48,13,7,1,0
2011,Pembroke BUA,W37000187,Total,3345,3343,2909,1046,938,925,387,300,41,46,47,2
2011,Llay BUA,W37000188,Total,1926,1926,1793,469,1072,252,90,83,6,1,43,0
2011,Llanfyllin BUA,W37000189,Total,507,507,445,141,163,141,62,35,15,12,0,0
2011,Hill Mountain BUA,W37000190,Total,276,276,270,220,42,8,3,1,2,0,3,0
2011,Tonyrefail BUA,W37000191,Total,3860,3860,3525,611,1660,1254,333,299,14,20,2,0
2011,Bedlinog BUA,W37000192,Total,501,501,473,75,59,339,28,19,7,2,0,0
2011,Deri BUA,W37000193,Total,407,407,387,57,84,246,20,17,2,1,0,0
2011,Penperlleni BUA,W37000194,Total,545,545,527,263,181,83,18,17,1,0,0,0
2011,Dyffryn Cellwen BUA,W37000195,Total,314,314,298,34,197,67,16,14,2,0,0,0
2011,Llangattock BUA,W37000196,Total,286,286,283,169,81,33,3,0,2,1,0,0
2011,Cwmann BUA,W37000197,Total,391,391,379,213,127,39,12,8,3,1,0,0
2011,Spittal BUA,W37000198,Total,194,194,193,142,46,5,1,1,0,0,0,0
2011,Waunllapria BUA,W37000199,Total,301,301,289,145,87,57,11,9,1,1,1,0
2011,Llanwrda BUA,W37000200,Total,125,125,118,78,30,10,7,7,0,0,0,0
2011,Criccieth BUA,W37000201,Total,801,795,679,303,128,248,116,41,52,23,0,6
2011,Bangor-on-Dee BUA,W37000202,Total,504,504,486,334,84,68,18,13,3,2,0,0
2011,Clunderwen BUA,W37000203,Total,272,272,256,119,75,62,12,8,1,3,4,0
2011,Penally BUA,W37000204,Total,385,385,337,239,89,9,46,25,19,2,2,0
2011,Benllech BUA,W37000205,Total,1117,1117,1031,839,152,40,80,41,21,18,6,0
2011,Malltraeth BUA,W37000206,Total,120,120,116,50,28,38,4,2,1,1,0,0
2011,Fochriw BUA,W37000207,Total,497,497,488,25,316,147,9,7,2,0,0,0
2011,Guilsfield BUA,W37000208,Total,564,564,534,349,172,13,29,23,5,1,1,0
2011,Llandrindod Wells BUA,W37000209,Total,2583,2575,1880,778,669,433,692,447,198,47,3,8
2011,Tregarth BUA,W37000210,Total,535,535,523,196,147,180,12,4,5,3,0,0
2011,Seven Sisters BUA,W37000211,Total,866,866,834,131,496,207,30,25,4,1,2,0
2011,Llanbedr BUA,W37000212,Total,176,176,162,69,68,25,12,6,3,3,2,0
2011,Pen-clawdd BUA,W37000213,Total,841,841,793,327,272,194,48,39,7,2,0,0
2011,Bryngwran BUA,W37000214,Total,180,180,175,56,63,56,3,0,2,1,2,0
2011,Higher Kinnerton BUA,W37000215,Total,660,660,651,465,151,35,9,2,5,2,0,0
2011,Cilgerran BUA,W37000216,Total,385,385,377,157,116,104,7,2,5,0,1,0
2011,Blaenau BUA,W37000217,Total,173,173,169,97,50,22,2,1,1,0,2,0
2011,Arddleen BUA,W37000218,Total,171,171,166,134,21,11,5,5,0,0,0,0
2011,Underwood BUA,W37000219,Total,824,824,794,71,226,497,30,29,1,0,0,0
2011,Llandysul BUA,W37000220,Total,685,685,590,237,232,121,94,50,27,17,1,0
2011,Heol-y-Cyw BUA,W37000221,Total,239,239,206,59,87,60,32,30,1,1,1,0
2011,Bethel BUA,W37000222,Total,461,461,459,198,137,124,2,0,1,1,0,0
2011,Coelbren BUA,W37000223,Total,239,239,235,88,120,27,4,2,0,2,0,0
2011,Beaumaris BUA,W37000224,Total,739,739,628,152,128,348,111,55,37,19,0,0
2011,Milford Haven BUA,W37000225,Total,6028,6025,4945,1327,1966,1652,1069,907,93,69,11,3
2011,Rogiet BUA,W37000226,Total,698,698,670,243,317,110,27,23,4,0,1,0
2011,Dwygyfylchi BUA,W37000227,Total,626,626,604,194,323,87,10,5,0,5,12,0
2011,Llanbedrog BUA,W37000228,Total,284,284,262,158,63,41,21,13,3,5,1,0
2011,Rhossili BUA,W37000229,Total,114,114,113,84,22,7,0,0,0,0,1,0
2011,New Tredegar BUA,W37000230,Total,1780,1780,1633,129,183,1321,147,111,26,10,0,0
2011,Bodelwyddan BUA,W37000231,Total,734,734,717,332,295,90,16,11,2,3,1,0
2011,Norton (Powys) BUA,W37000232,Total,176,176,176,144,22,10,0,0,0,0,0,0
2011,Wick (The Vale of Glamorgan) BUA,W37000233,Total,291,290,283,186,87,10,7,5,0,2,0,1
2011,Cross Lanes BUA,W37000234,Total,242,242,232,170,40,22,10,1,9,0,0,0
2011,Waun-Lwyd BUA,W37000235,Total,624,624,608,211,57,340,16,8,2,6,0,0
2011,Llansteffan BUA,W37000236,Total,216,216,207,83,70,54,8,1,6,1,1,0
2011,Llwyngwril BUA,W37000237,Total,236,236,228,133,61,34,6,5,1,0,2,0
2011,Caerwys BUA,W37000238,Total,437,437,415,208,121,86,21,10,8,3,1,0
2011,Llanfihangel yn Nhowyn BUA,W37000239,Total,277,277,273,34,130,109,4,2,2,0,0,0
2011,Llanilar BUA,W37000240,Total,428,428,420,230,152,38,7,0,5,2,1,0
2011,Llandogo BUA,W37000241,Total,203,203,191,120,37,34,12,6,6,0,0,0
2011,Llanfair Caereinion BUA,W37000242,Total,447,447,411,175,144,92,34,17,10,7,2,0
2011,Llandudno BUA,W37000243,Total,7063,7019,4226,1050,1853,1323,2792,1827,781,184,1,44
2011,Pen-twyn (Caerphilly) BUA,W37000244,Total,650,650,626,72,448,106,24,21,0,3,0,0
2011,Cosheston BUA,W37000245,Total,336,336,329,255,68,6,4,1,2,1,3,0
2011,Rhayader BUA,W37000246,Total,878,878,736,263,211,262,141,87,23,31,1,0
2011,Pencader BUA,W37000247,Total,473,473,445,195,196,54,27,19,6,2,1,0
2011,Hundleton BUA,W37000248,Total,174,174,172,129,30,13,0,0,0,0,2,0
2011,Rhoose BUA,W37000249,Total,2534,2534,2351,1208,752,391,151,134,9,8,32,0
2011,Llanidloes BUA,W37000250,Total,1416,1413,1116,343,341,432,295,217,35,43,2,3
2011,Aberaeron BUA,W37000251,Total,732,732,584,195,149,240,146,92,29,25,2,0
2011,Hook (Pembrokeshire) BUA,W37000252,Total,330,330,327,231,85,11,3,3,0,0,0,0
2011,Crymych BUA,W37000253,Total,292,290,273,127,87,59,16,3,6,7,1,2
2011,Ferndale BUA,W37000254,Total,3260,3257,3018,134,376,2508,237,185,29,23,2,3
2011,Penrhiw-llan BUA,W37000255,Total,217,217,209,167,26,16,5,0,2,3,3,0
2011,Crynant BUA,W37000256,Total,724,724,583,147,316,120,141,137,3,1,0,0
2011,Amlwch BUA,W37000257,Total,1432,1432,1331,421,515,395,94,45,16,33,7,0
2011,Llanrwst BUA,W37000258,Total,1472,1472,1184,363,462,359,286,190,43,53,2,0
2011,Bonvilston BUA,W37000259,Total,158,158,151,119,19,13,7,4,2,1,0,0
2011,Tregaron BUA,W37000260,Total,565,565,543,319,148,76,19,2,9,8,3,0
2011,Ewenny BUA,W37000261,Total,309,309,303,224,68,11,6,0,3,3,0,0
2011,Clyro BUA,W37000262,Total,340,340,329,253,54,22,7,4,1,2,4,0
2011,New Brighton BUA,W37000263,Total,359,359,357,102,221,34,2,0,0,2,0,0
2011,Treuddyn BUA,W37000264,Total,563,563,555,265,246,44,4,2,2,0,4,0
2011,Aberdovey BUA,W37000265,Total,422,422,358,97,111,150,64,37,15,12,0,0
2011,Gwalchmai BUA,W37000266,Total,285,285,273,202,37,34,7,2,4,1,5,0
2011,Llangoed BUA,W37000267,Total,389,387,359,162,102,95,8,5,3,0,20,2
2011,Tanyfron BUA,W37000268,Total,893,893,718,235,260,223,172,166,5,1,3,0
2011,Goodwick BUA,W37000269,Total,769,769,710,213,297,200,59,25,18,16,0,0
2011,Penparc BUA,W37000270,Total,233,233,218,154,58,6,13,13,0,0,2,0
2011,Llangollen BUA,W37000271,Total,1578,1574,1293,495,402,396,278,225,20,33,3,4
2011,Tywyn BUA,W37000272,Total,1526,1523,1263,480,438,345,259,162,53,44,1,3
2011,Mold BUA,W37000273,Total,4313,4305,3813,1569,1642,602,491,402,41,48,1,8
2011,Morfa Bychan BUA,W37000274,Total,266,266,257,213,29,15,5,1,1,3,4,0
2011,Templeton BUA,W37000275,Total,273,273,267,189,62,16,6,5,1,0,0,0
2011,Llandinam BUA,W37000276,Total,246,246,238,145,69,24,5,0,4,1,3,0
2011,Bow Street BUA,W37000277,Total,640,640,584,251,240,93,54,43,10,1,2,0
2011,Roch BUA,W37000278,Total,201,201,199,138,59,2,1,0,1,0,1,0
2011,Lamphey BUA,W37000279,Total,274,274,270,185,66,19,2,1,1,0,2,0
2011,Jameston BUA,W37000280,Total,288,288,274,203,54,17,10,7,2,1,4,0
2011,Clarbeston Road BUA,W37000281,Total,134,134,134,53,69,12,0,0,0,0,0,0
2011,Solva BUA,W37000282,Total,328,328,317,124,108,85,11,5,1,5,0,0
2011,Bettws BUA,W37000283,Total,884,884,825,93,560,172,58,53,3,2,1,0
2011,Cynwyd BUA,W37000284,Total,229,229,223,119,58,46,5,2,3,0,1,0
2011,Penysarn BUA,W37000285,Total,261,261,250,148,59,43,11,1,8,2,0,0
2011,Bodedern BUA,W37000286,Total,443,443,439,217,104,118,3,2,1,0,1,0
2011,Pont Henri BUA,W37000287,Total,436,436,401,84,213,104,34,32,2,0,1,0
2011,Nefyn BUA,W37000288,Total,618,618,595,238,175,182,18,8,6,4,5,0
2011,Pen-y-ffordd BUA,W37000289,Total,306,306,302,102,125,75,4,1,3,0,0,0
2011,Llandeilo BUA,W37000290,Total,873,870,741,214,289,238,127,70,20,37,2,3
2011,Llanfair Pwllgwyngyll BUA,W37000291,Total,1270,1270,1217,694,299,224,52,41,6,5,1,0
2011,Marchwiel BUA,W37000292,Total,475,475,462,214,167,81,13,9,1,3,0,0
2011,Barmouth BUA,W37000293,Total,1146,1144,662,179,208,275,481,279,152,50,1,2
2011,New Quay BUA,W37000294,Total,355,355,323,100,79,144,31,8,15,8,1,0
2011,Porthcawl BUA,W37000295,Total,7005,6996,5790,2583,2340,867,1204,748,372,84,2,9
2011,Bala BUA,W37000296,Total,936,932,797,239,215,343,135,86,14,35,0,4
2011,Abersoch BUA,W37000297,Total,408,408,360,210,89,61,43,15,15,13,5,0
2011,Llangefni BUA,W37000298,Total,2092,2092,1829,687,621,521,259,213,20,26,4,0
2011,St Fagans BUA,W37000299,Total,121,121,108,62,21,25,13,11,1,1,0,0
2011,Chwilog BUA,W37000300,Total,277,277,267,155,71,41,8,5,3,0,2,0
2011,Holyhead BUA,W37000301,Total,5193,5191,4373,963,1191,2219,814,632,100,82,4,2
2011,Waungilwen BUA,W37000302,Total,564,564,553,280,208,65,10,3,3,4,1,0
2011,Glyncorrwg BUA,W37000303,Total,463,463,413,37,178,198,50,46,3,1,0,0
2011,Southgate BUA,W37000304,Total,840,840,826,574,242,10,14,7,3,4,0,0
2011,Wenvoe BUA,W37000305,Total,490,490,467,311,112,44,15,12,3,0,8,0
2011,Ynysmaerdy BUA,W37000306,Total,95,90,74,12,46,16,16,11,5,0,0,5
2011,Llangeinor BUA,W37000307,Total,384,384,379,88,220,71,5,3,0,2,0,0
2011,Pontyates BUA,W37000308,Total,650,650,639,253,340,46,11,3,4,4,0,0
2011,Llangybi BUA,W37000309,Total,190,190,189,138,21,30,1,1,0,0,0,0
2011,Llandre BUA,W37000310,Total,288,288,286,219,42,25,2,0,1,1,0,0
2011,Corwen BUA,W37000311,Total,219,219,195,51,48,96,24,6,4,14,0,0
2011,Murton (Swansea) BUA,W37000312,Total,1553,1553,1450,956,448,46,102,82,12,8,1,0
2011,Meidrim BUA,W37000313,Total,235,235,221,170,38,13,11,5,1,5,3,0
2011,Aberfan BUA,W37000314,Total,1482,1482,1422,133,308,981,59,56,2,1,1,0
2011,Brawdy BUA,W37000315,Total,105,105,100,39,51,10,3,2,1,0,2,0
2011,Crofty BUA,W37000316,Total,450,450,444,297,120,27,6,3,0,3,0,0
2011,Bwlchgwyn BUA,W37000317,Total,344,344,337,208,85,44,5,3,0,2,2,0
2011,Caersws BUA,W37000318,Total,391,391,354,68,141,145,37,32,3,2,0,0
2011,Port-Eynon BUA,W37000319,Total,112,112,105,68,24,13,7,1,1,5,0,0
2011,Cwmllynfell BUA,W37000320,Total,598,598,566,208,303,55,32,25,5,2,0,0
2011,Llandybie BUA,W37000321,Total,1206,1206,1102,445,538,119,102,84,7,11,2,0
2011,Raglan BUA,W37000322,Total,552,552,516,231,229,56,35,22,5,8,1,0
2011,Abergwili BUA,W37000323,Total,251,251,246,118,70,58,5,2,1,2,0,0
2011,Newcastle Emlyn BUA,W37000324,Total,840,840,720,348,225,147,119,69,24,26,1,0
2011,Rhostryfan BUA,W37000325,Total,275,275,270,159,84,27,5,4,1,0,0,0
2011,Broad Haven BUA,W37000326,Total,391,391,349,183,78,88,39,29,5,5,3,0
2011,St Ishmael's BUA,W37000327,Total,206,206,203,128,59,16,3,1,1,1,0,0
2011,Blackmill BUA,W37000328,Total,264,264,242,93,77,72,22,21,1,0,0,0
2011,Cowbridge BUA,W37000329,Total,1776,1776,1603,911,457,235,173,106,36,31,0,0
2011,Trefechan BUA,W37000330,Total,421,421,420,94,280,46,1,1,0,0,0,0
2011,Llanrug BUA,W37000331,Total,756,756,737,256,278,203,16,10,4,2,3,0
2011,Narberth BUA,W37000332,Total,1030,1030,879,332,270,277,147,99,16,32,4,0
2011,Pendine BUA,W37000333,Total,149,149,130,84,41,5,19,5,6,8,0,0
2011,Hirwaun BUA,W37000334,Total,3007,3007,2773,597,1429,747,213,192,10,11,21,0
2011,Stepaside BUA,W37000335,Total,275,275,252,207,40,5,20,11,9,0,3,0
2011,Pwllheli BUA,W37000336,Total,1919,1913,1442,364,326,752,469,298,96,75,2,6
2011,Clydach BUA,W37000337,Total,303,303,299,119,119,61,4,2,2,0,0,0
2011,Tredegar BUA,W37000338,Total,6618,6618,6065,844,2271,2950,550,447,28,75,3,0
2011,Groeslon BUA,W37000339,Total,372,372,366,151,115,100,6,2,3,1,0,0
2011,Builth Wells BUA,W37000340,Total,1251,1251,1090,433,421,236,160,76,43,41,1,0
2011,Mostyn BUA,W37000341,Total,672,672,666,198,355,113,4,0,2,2,2,0
2011,Barry BUA,W37000342,Total,23503,23492,19658,3970,7677,8011,3830,3060,529,241,4,11
2011,Trearddur BUA,W37000343,Total,707,705,665,584,58,23,40,21,18,1,0,2
2011,Ffairfach BUA,W37000344,Total,232,232,215,72,82,61,14,4,7,3,3,0
2011,Pontrhydyfen BUA,W37000345,Total,372,372,347,90,138,119,25,24,1,0,0,0
2011,Llanfairfechan BUA,W37000346,Total,1527,1515,1356,469,552,335,157,72,60,25,2,12
2011,Abercynon BUA,W37000347,Total,2543,2543,2373,188,607,1578,169,106,36,27,1,0
2011,Menai Bridge BUA,W37000348,Total,2186,2177,1913,994,538,381,261,183,52,26,3,9
2011,Carno BUA,W37000349,Total,329,329,325,211,61,53,2,0,2,0,2,0
2011,Dolgellau BUA,W37000350,Total,1280,1273,1084,390,296,398,187,131,34,22,2,7
2011,Llangadog BUA,W37000351,Total,281,281,260,140,84,36,21,15,3,3,0,0
2011,Catbrook BUA,W37000352,Total,163,163,163,138,24,1,0,0,0,0,0,0
2011,Mynytho BUA,W37000353,Total,250,250,247,166,49,32,1,0,0,1,2,0
2011,Monmouth BUA,W37000354,Total,4363,4341,3594,1541,1252,801,714,548,99,67,33,22
2011,Sageston BUA,W37000355,Total,321,321,313,135,157,21,6,0,5,1,2,0
2011,Coedpoeth BUA,W37000356,Total,2451,2448,2256,731,997,528,189,157,13,19,3,3
2011,Porthmadog BUA,W37000357,Total,1385,1385,1123,273,251,599,258,151,31,76,4,0
2011,Keeston BUA,W37000358,Total,156,156,155,113,39,3,1,0,0,1,0,0
2011,Carmarthen BUA,W37000359,Total,6930,6918,5845,1993,2011,1841,1067,753,241,73,6,12
2011,Dinas Cross BUA,W37000360,Total,383,383,355,196,100,59,16,10,3,3,12,0
2011,Haverfordwest BUA,W37000361,Total,6448,6422,5340,1707,1980,1653,1030,760,179,91,52,26
2011,Llangynidr BUA,W37000362,Total,426,426,421,324,89,8,5,2,0,3,0,0
2011,Merthyr Tydfil BUA,W37000363,Total,18112,18102,16853,2681,5128,9044,1237,989,131,117,12,10
2011,Newport (Pembrokeshire) BUA,W37000364,Total,442,442,390,143,137,110,50,30,9,11,2,0
2011,Llanbradach BUA,W37000365,Total,1589,1589,1427,92,594,741,162,133,19,10,0,0
2011,Blaenavon BUA,W37000366,Total,2473,2473,2079,236,475,1368,394,339,25,30,0,0
2011,Neyland BUA,W37000367,Total,1656,1656,1523,460,623,440,130,99,21,10,3,0
2011,St Davids BUA,W37000368,Total,673,673,605,219,221,165,64,36,10,18,4,0
2011,Tal-y-bont (Gwynedd) BUA,W37000369,Total,751,751,699,440,161,98,29,18,6,5,23,0
2011,Crymlyn Burrows BUA,W37000370,Total,135,135,117,7,63,47,18,16,1,1,0,0
2011,Caerwent BUA,W37000371,Total,482,482,393,241,100,52,89,85,4,0,0,0
2011,Pen-twyn (Monmouthshire) BUA,W37000372,Total,138,138,138,132,5,1,0,0,0,0,0,0
2011,Meifod BUA,W37000373,Total,136,136,122,60,39,23,14,11,2,1,0,0
2011,Cerrigydrudion BUA,W37000374,Total,143,143,140,48,48,44,3,2,1,0,0,0
2011,Pentre-cwrt BUA,W37000375,Total,107,107,103,54,44,5,4,2,2,0,0,0
2011,Wrexham BUA,W37000376,Total,27904,27866,23737,6857,10471,6409,4123,3683,283,157,6,38
2011,Llantwit Major BUA,W37000377,Total,5660,5657,5306,1735,2043,1528,194,140,23,31,157,3
2011,Treharris BUA,W37000378,Total,5048,5048,4897,1088,1849,1960,138,97,7,34,13,0
2011,Gronant BUA,W37000379,Total,557,557,544,210,204,130,6,1,2,3,7,0
2011,Hope (Flintshire) BUA,W37000380,Total,1973,1973,1879,747,873,259,88,50,28,10,6,0
2011,Kinmel Bay/Abergele BUA,W37000381,Total,8451,8451,7687,4477,2567,643,743,551,125,67,21,0
2011,Gorseinon BUA,W37000382,Total,8773,8771,7824,2471,4031,1322,943,797,92,54,4,2
2011,Hendreforgan/Gilfach Goch BUA,W37000383,Total,1844,1844,1673,234,881,558,170,147,19,4,1,0
2011,Cardiff BUA,W37000384,Total,185286,184664,141624,25706,57214,58704,42849,33280,8119,1450,191,622
2011,Newport (Newport) BUA,W37000385,Total,128894,128679,111782,20786,43711,47285,16831,13969,1983,879,66,215
2011,Buckley BUA,W37000386,Total,26569,26560,24470,9529,10981,3960,1909,1474,257,178,181,9
2011,Cardigan BUA,W37000387,Total,2564,2562,2175,806,786,583,384,218,90,76,3,2
2011,Aberporth BUA,W37000388,Total,771,771,718,313,360,45,52,32,12,8,1,0
2011,Caernarfon BUA,W37000389,Total,4326,4324,3648,735,1338,1575,674,516,97,61,2,2
2011,Pentre Maelor BUA,W37000390,Total,111,111,109,12,74,23,2,0,1,1,0,0
2011,Ammanford BUA,W37000391,Total,10170,10168,9502,3783,4540,1179,639,479,85,75,27,2
2011,Burry Port BUA,W37000392,Total,3683,3683,3441,1248,1436,757,236,178,30,28,6,0
2011,Kilgetty BUA,W37000393,Total,841,841,750,460,244,46,51,43,5,3,40,0
2011,Bridgend BUA,W37000394,Total,24491,24450,21837,6703,10360,4774,2605,2291,204,110,8,41
2011,Llanddulas/Mynydd Marian BUA,W37000395,Total,1134,1134,1085,434,507,144,49,33,13,3,0,0
2011,Maesteg BUA,W37000396,Total,8955,8954,8370,1162,3137,4071,582,460,71,51,2,1
2011,Gaerwen BUA,W37000397,Total,679,679,671,301,269,101,7,2,4,1,1,0
2011,Aberystwyth BUA,W37000398,Total,6554,6430,4154,1119,1356,1679,2222,1367,691,164,54,124
2011,Aberdare BUA,W37000399,Total,13592,13584,12241,2167,2993,7081,1317,1152,96,69,26,8
2011,Gwaun-Cae-Gurwen/Brynamman BUA,W37000400,Total,2458,2458,2300,655,1225,420,153,118,21,14,5,0
2011,Rhosllanerchrugog BUA,W37000401,Total,10836,10832,9714,2661,4577,2476,1108,962,86,60,10,4
2011,Ebbw Vale BUA,W37000402,Total,14163,14163,12633,1658,4435,6540,1513,1269,107,137,17,0
2011,Saundersfoot BUA,W37000403,Total,1506,1503,1258,811,346,101,230,179,30,21,15,3
2011,Rhigos BUA,W37000404,Total,305,305,297,83,196,18,7,6,1,0,1,0
2011,Cwmfelinfach/Ynysddu BUA,W37000405,Total,988,988,923,66,115,742,65,29,29,7,0,0
2011,Welshpool BUA,W37000406,Total,2661,2650,2148,698,793,657,485,381,42,62,17,11
2011,Rhyl/Prestatyn BUA,W37000407,Total,20270,20199,17285,7985,7301,1999,2883,2014,609,260,31,71
2011,Colwyn Bay BUA,W37000408,Total,15210,15195,11585,4638,4943,2004,3607,2242,1144,221,3,15
2011,Llanelli BUA,W37000409,Total,21381,21359,19492,4081,7833,7578,1819,1363,313,143,48,22
2011,Undy BUA,W37000410,Total,2292,2292,2211,1437,527,247,62,57,2,3,19,0
2011,Flint BUA,W37000411,Total,10937,10922,9703,2922,5086,1695,1214,1060,75,79,5,15
2011,Ogmore Vale/Nant-y-moel BUA,W37000412,Total,2420,2418,2211,193,393,1625,204,150,34,20,3,2
2011,Bethesda BUA,W37000413,Total,2058,2058,1901,350,664,887,157,86,45,26,0,0
2011,Llantrisant BUA,W37000414,Total,6086,6086,5603,2213,2260,1130,476,362,65,49,7,0
2011,Rhymney BUA,W37000415,Total,3719,3719,3175,340,991,1844,543,492,21,30,1,0
2011,Gwernaffield-y-Waun/Pantymwyn BUA,W37000416,Total,759,759,757,555,164,38,2,0,1,1,0,0
2011,Abergavenny BUA,W37000417,Total,6620,6612,5420,1721,2070,1629,1189,981,127,81,3,8
2011,Marshfield (Newport) BUA,W37000418,Total,1121,1121,1083,739,161,183,36,31,1,4,2,0
2011,Bangor BUA,W37000419,Total,5966,5917,4937,900,1781,2256,977,694,196,87,3,49
2011,Bryn Pydew BUA,W37000420,Total,4880,4877,4307,1836,1900,571,521,371,112,38,49,3
2011,Mynydd-bach/Shirenewton BUA,W37000421,Total,267,267,264,220,33,11,2,0,0,2,1,0
2011,Tonypandy BUA,W37000422,Total,27258,27245,25176,1970,3483,19723,2064,1587,252,225,5,13
2011,St Clears BUA,W37000423,Total,1095,1095,1014,541,309,164,74,40,18,16,7,0
2011,Church Village BUA,W37000424,Total,9446,9446,9021,2670,4702,1649,423,368,15,40,2,0
2011,Glyn-neath BUA,W37000425,Total,2336,2333,2077,362,1191,524,256,224,19,13,0,3
2011,Fairbourne BUA,W37000426,Total,383,383,368,205,121,42,12,2,6,4,3,0
2011,Swansea BUA,W37000427,Total,130829,130495,110403,25228,47881,37294,19881,16352,2636,893,211,334
